Scenario,Country,Energy_carrier,Sector,Region,Name_Region,Subsector,Application,Technologie,latitude,longitude,Unit,2021,2025,2030,2035,2040,2045,2050,index_right0
Orientierungsszenario_Strom,DE,process_emissions,Industry,DE11C,Heidenheim,Cement clinker,CO2 capture,,48.65368683,10.16246767,CO2-Abscheidung [Mt/a],0.4130529633273894,0.3614213429114657,0.3917928843325973,0.3583841887693526,0.328012647348221,0.2946039517849762,0.2946039517849762,432.0
Orientierungsszenario_Strom,DE,process_emissions,Industry,DE128,Rhein-Neckar-Kreis,Cement clinker,CO2 capture,,49.35767939,8.685832398,CO2-Abscheidung [Mt/a],0.38308691573790604,0.38308691573790604,0.3352010512706678,0.3633692068396315,0.3323842357137714,0.3042160801448077,0.3042160801448077,265.0
Orientierungsszenario_Strom,DE,process_emissions,Industry,DE123,"Karlsruhe, Landkreis",Cement clinker,CO2 capture,,49.01841298,8.612489731,CO2-Abscheidung [Mt/a],0.3597608788600462,0.3597608788600462,0.31479076900254044,0.34124377480107326,0.3121454684226872,0.2856924626241544,0.2856924626241544,572.0
Orientierungsszenario_Strom,DE,process_emissions,Industry,DE145,Alb-Donau-Kreis,Cement clinker,CO2 capture,,48.33198628,9.730468748,CO2-Abscheidung [Mt/a],0.452783037998202,0.452783037998202,0.39618515824842676,0.42947802868947105,0.39285587120432236,0.3595630007632781,0.3595630007632781,388.0
Orientierungsszenario_Strom,DE,process_emissions,Industry,DE145,Alb-Donau-Kreis,Cement clinker,CO2 capture,,48.36860312,9.7346784,CO2-Abscheidung [Mt/a],0.607847036838519,0.607847036838519,0.5318661572337041,0.57656079229536,0.5273966937275386,0.4827020586658828,0.4827020586658828,388.0
Orientierungsszenario_Strom,DE,process_emissions,Industry,DE143,Zollernalbkreis,Cement clinker,CO2 capture,,48.22704121,8.779096108,CO2-Abscheidung [Mt/a],0.5262955977628725,0.5262955977628725,0.46050864804251346,0.4992068537603717,0.45663882747072765,0.4179406217528694,0.4179406217528694,299.0
Orientierungsszenario_Strom,DE,process_emissions,Industry,DEF0E,Steinburg,Cement clinker,CO2 capture,,53.87416492,9.583268596,CO2-Abscheidung [Mt/a],0.7910832837851725,0.7910832837851725,0.692197873312026,0.7503657618256415,0.6863810844606644,0.6282131959470487,0.6282131959470487,454.0
Orientierungsszenario_Strom,DE,process_emissions,Industry,DE929,Region Hannover,Cement clinker,CO2 capture,,52.3498313,9.885933871,CO2-Abscheidung [Mt/a],0.4662586796720305,0.4662586796720305,0.4079763447130267,0.44226007115949956,0.40454797206837945,0.37026424562190663,0.37026424562190663,18.0
Orientierungsszenario_Strom,DE,process_emissions,Industry,DEA38,Warendorf,Cement clinker,CO2 capture,,51.76517373,8.054028788,CO2-Abscheidung [Mt/a],0.4111698429613277,0.4111698429613277,0.35977361259116175,0.39000668927949467,0.35675030492232845,0.32651722823399554,0.32651722823399554,423.0
Orientierungsszenario_Strom,DE,process_emissions,Industry,DEA37,Steinfurt,Cement clinker,CO2 capture,,52.17498589,7.887827641,CO2-Abscheidung [Mt/a],0.780096077412846,0.780096077412846,0.6825840677362404,0.7399440734283613,0.6768480671670283,0.6194880614749072,0.6194880614749072,334.0
Orientierungsszenario_Strom,DE,process_emissions,Industry,DEA47,Paderborn,Cement clinker,CO2 capture,,51.69898847,8.747040907,CO2-Abscheidung [Mt/a],0.16345647054347506,0.16345647054347506,0.1430244117255407,0.1550432698537374,0.14182252591272104,0.12980366778452435,0.12980366778452435,510.0
Orientierungsszenario_Strom,DE,process_emissions,Industry,DEA5B,Soest,Cement clinker,CO2 capture,,51.62256052,8.504392881,CO2-Abscheidung [Mt/a],0.18801528306949716,0.18801528306949716,0.16451337268581,0.17833802585268482,0.16313090736912256,0.14930625420224775,0.14930625420224775,5.0
Orientierungsszenario_Strom,DE,process_emissions,Industry,DEA5B,Soest,Cement clinker,CO2 capture,,51.59721014,8.334681945,CO2-Abscheidung [Mt/a],0.2820155428550826,0.2820155428550826,0.24676359999819733,0.26750003697283575,0.24468995630073348,0.22395351932609506,0.22395351932609506,5.0
Orientierungsszenario_Strom,DE,process_emissions,Industry,DEA5B,Soest,Cement clinker,CO2 capture,,51.59468474,8.33490652,CO2-Abscheidung [Mt/a],0.4179412514267431,0.4179412514267431,0.36569859499840024,0.39642956936801366,0.36262549756143886,0.33189452319182544,0.33189452319182544,5.0
Orientierungsszenario_Strom,DE,process_emissions,Industry,DEA5B,Soest,Cement clinker,CO2 capture,,51.60112073,8.33612643,CO2-Abscheidung [Mt/a],0.5254813752315772,0.5254813752315772,0.45979620332763005,0.49843453974171664,0.4559323696862214,0.4172940332721349,0.4172940332721349,5.0
Orientierungsszenario_Strom,DE,process_emissions,Industry,DE714,"Wiesbaden, Kreisfreie Stadt",Cement clinker,CO2 capture,,50.03190956,8.257001754,CO2-Abscheidung [Mt/a],0.12881325683144115,0.12881325683144115,0.112711599727511,0.12218316272982285,0.11176444342727983,0.10229288042496798,0.10229288042496798,10.0
Orientierungsszenario_Strom,DE,process_emissions,Industry,DE732,Fulda,Cement clinker,CO2 capture,,50.58452444,9.509518927,CO2-Abscheidung [Mt/a],0.10452978874873782,0.10452978874873782,0.0914635651551456,0.09914957903372926,0.09069496376728724,0.08300894988870357,0.08300894988870357,279.0
Orientierungsszenario_Strom,DE,process_emissions,Industry,DEB24,Vulkaneifel,Cement clinker,CO2 capture,,50.33399006,6.766828137,CO2-Abscheidung [Mt/a],0.13159180054383282,0.13159180054383282,0.11514282547585371,0.12481869316290024,0.11417523870714906,0.10449937102010254,0.10449937102010254,451.0
Orientierungsszenario_Strom,DE,process_emissions,Industry,DEB3D,Donnersbergkreis,Cement clinker,CO2 capture,,49.60101885,8.041377942,CO2-Abscheidung [Mt/a],0.5244301939580885,0.5244301939580885,0.4588764197133275,0.49743746338671635,0.4550203153459886,0.4164592716725997,0.4164592716725997,247.0
Orientierungsszenario_Strom,DE,process_emissions,Industry,DE21K,"Rosenheim, Landkreis",Cement clinker,CO2 capture,,47.79081962,12.18159007,CO2-Abscheidung [Mt/a],0.5611602681881395,0.5611602681881395,0.49101523466462205,0.5322770190902205,0.4868890562220622,0.4456272717964637,0.4456272717964637,207.0
Orientierungsszenario_Strom,DE,process_emissions,Industry,DE239,Schwandorf,Cement clinker,CO2 capture,,49.21283244,12.02825695,CO2-Abscheidung [Mt/a],0.6515050155225336,0.6515050155225336,0.5700668885822169,0.6179716691353444,0.5652764105269041,0.5173716299737767,0.5173716299737767,152.0
Orientierungsszenario_Strom,DE,process_emissions,Industry,DE25C,Weißenburg-Gunzenhausen,Cement clinker,CO2 capture,,48.88491246,10.99769729,CO2-Abscheidung [Mt/a],0.22538610550891314,0.22538610550891314,0.197212842320299,0.21378535007830732,0.19555559154449817,0.17898308378648986,0.17898308378648986,145.0
Orientierungsszenario_Strom,DE,process_emissions,Industry,DE26A,Main-Spessart,Cement clinker,CO2 capture,,49.808461,9.617891279,CO2-Abscheidung [Mt/a],0.47044937919281604,0.47044937919281604,0.4116432067937141,0.44623507291083286,0.40818402018200217,0.3735921540648834,0.3735921540648834,110.0
Orientierungsszenario_Strom,DE,process_emissions,Industry,DE26A,Main-Spessart,Cement clinker,CO2 capture,,49.95500488,9.768510452,CO2-Abscheidung [Mt/a],0.4283991762499014,0.4283991762499014,0.37484927921866373,0.4063492186488036,0.37169928527564977,0.34019934584551,0.34019934584551,110.0
Orientierungsszenario_Strom,DE,process_emissions,Industry,DE27D,Donau-Ries,Cement clinker,CO2 capture,,48.77673247,10.70031679,CO2-Abscheidung [Mt/a],0.442258676145937,0.442258676145937,0.3869763416276949,0.4194953619325432,0.3837244395972101,0.35120541929236176,0.35120541929236176,374.0
Orientierungsszenario_Strom,DE,process_emissions,Industry,DE409,Märkisch-Oderland,Cement clinker,CO2 capture,,52.48906926,13.83692917,CO2-Abscheidung [Mt/a],0.9669457600911833,0.9669457600911833,0.8460775400797854,0.9171764930276666,0.8389676447849974,0.7678686918371163,0.7678686918371163,605.0
Orientierungsszenario_Strom,DE,process_emissions,Industry,DEE0C,Salzlandkreis,Cement clinker,CO2 capture,,51.81637521,11.7496466,CO2-Abscheidung [Mt/a],0.504121874082268,0.504121874082268,0.4411066398219846,0.47817442468097493,0.4373998613360856,0.4003320764770953,0.4003320764770953,608.0
Orientierungsszenario_Strom,DE,process_emissions,Industry,DEE08,Burgenlandkreis,Cement clinker,CO2 capture,,51.27111178,11.65470263,CO2-Abscheidung [Mt/a],0.6907205724452428,0.6907205724452428,0.6043805008895874,0.655168778275267,0.5993016731510195,0.5485133957653399,0.5485133957653399,253.0
Orientierungsszenario_Strom,DE,process_emissions,Industry,DEG06,Eichsfeld,Cement clinker,CO2 capture,,51.36275973,10.48356827,CO2-Abscheidung [Mt/a],0.7878802814203509,0.7878802814203509,0.6893952462428071,0.7473276198766564,0.6836020088794222,0.6256696352455728,0.6256696352455728,610.0
Orientierungsszenario_Strom,DE,process_emissions,Industry,DEA38,Warendorf,Cement clinker,CO2 capture,,51.76024596,8.073171242,CO2-Abscheidung [Mt/a],0.21346361358792948,0.21346361358792948,0.18678066188943832,0.20247651582972723,0.1852110764954094,0.1695152225551205,0.1695152225551205,423.0
Orientierungsszenario_Strom,DE,process_emissions,Industry,DE732,Fulda,Lime ,CO2 capture,,50.58432,9.509245,CO2-Abscheidung [Mt/a],0.033370271206883656,0.025954655383131735,0.03114558645975808,0.025954655383131735,0.023729970636006157,0.02224684747125577,0.02224684747125577,279.0
Orientierungsszenario_Strom,DE,process_emissions,Industry,DEG0L,Greiz,Lime ,CO2 capture,,50.808852,12.09295,CO2-Abscheidung [Mt/a],0.053444486245335994,0.041567933746372444,0.04988152049564693,0.041567933746372444,0.038004967996683375,0.03562965749689066,0.03562965749689066,537.0
Orientierungsszenario_Strom,DE,process_emissions,Industry,DE918,Northeim,Lime ,CO2 capture,,51.647707,10.087452,CO2-Abscheidung [Mt/a],0.024607025992987662,0.01913879799454596,0.02296655759345515,0.01913879799454596,0.017498329595013448,0.016404683995325107,0.016404683995325107,395.0
Orientierungsszenario_Strom,DE,process_emissions,Industry,DE409,Märkisch-Oderland,Lime ,CO2 capture,,52.490088,13.838051,CO2-Abscheidung [Mt/a],0.0945492594806113,0.07353831292936433,0.0882459755152372,0.07353831292936433,0.06723502896399025,0.06303283965374086,0.06303283965374086,605.0
Orientierungsszenario_Strom,DE,process_emissions,Industry,DE916,Goslar,Lime ,CO2 capture,,51.844586,10.18979,CO2-Abscheidung [Mt/a],0.15346207885908228,0.1193593946681751,0.14323127360181012,0.1193593946681751,0.10912858941090296,0.10230805257272152,0.10230805257272152,384.0
Orientierungsszenario_Strom,DE,process_emissions,Industry,DE226,Kelheim,Lime ,CO2 capture,,48.89095,11.93212,CO2-Abscheidung [Mt/a],0.14012201489813172,0.10898378936521355,0.13078054723825627,0.10898378936521355,0.09964232170533811,0.09341467659875448,0.09341467659875448,55.0
Orientierungsszenario_Strom,DE,process_emissions,Industry,DEA1A,"Wuppertal, Kreisfreie Stadt",Lime ,CO2 capture,,51.247683,7.044583,CO2-Abscheidung [Mt/a],0.11501481335892975,0.08945596594583426,0.1073471591350011,0.08945596594583426,0.08178831172190561,0.07667654223928651,0.07667654223928651,422.0
Orientierungsszenario_Strom,DE,process_emissions,Industry,DEE09,Harz,Lime ,CO2 capture,,51.755471,10.825817,CO2-Abscheidung [Mt/a],0.3883018134361362,0.30201252156143926,0.36241502587372715,0.30201252156143926,0.2761257339990302,0.2588678756240908,0.2588678756240908,465.0
Orientierungsszenario_Strom,DE,process_emissions,Industry,DE139,Lörrach,Lime ,CO2 capture,,47.658803,7.546019,CO2-Abscheidung [Mt/a],0.08513394061401341,0.06621528714423267,0.0794583445730792,0.06621528714423267,0.06053969110329843,0.056755960409342276,0.056755960409342276,52.0
Orientierungsszenario_Strom,DE,process_emissions,Industry,DE226,Kelheim,Lime ,CO2 capture,,49.008715,11.824687,CO2-Abscheidung [Mt/a],0.14012201489813172,0.10898378936521355,0.13078054723825627,0.10898378936521355,0.09964232170533811,0.09341467659875448,0.09341467659875448,55.0
Orientierungsszenario_Strom,DE,process_emissions,Industry,DEA59,Olpe,Lime ,CO2 capture,,51.14033,8.025404,CO2-Abscheidung [Mt/a],0.024596615522402936,0.019130700961868953,0.022956841154242742,0.019130700961868953,0.017490926593708756,0.016397743681601958,0.016397743681601958,46.0
Orientierungsszenario_Strom,DE,process_emissions,Industry,DE723,Limburg-Weilburg,Lime ,CO2 capture,,50.419099,8.1118,CO2-Abscheidung [Mt/a],0.1368526557075725,0.10644095443922304,0.12772914532706764,0.10644095443922304,0.09731744405871821,0.09123510380504832,0.09123510380504832,273.0
Orientierungsszenario_Strom,DE,process_emissions,Industry,DEB1A,Rhein-Lahn-Kreis,Lime ,CO2 capture,,50.317605,8.065701,CO2-Abscheidung [Mt/a],0.1475427833040483,0.11475549812537089,0.13770659775044508,0.11475549812537089,0.10491931257176768,0.09836185553603219,0.09836185553603219,356.0
Orientierungsszenario_Strom,DE,process_emissions,Industry,DEA5B,Soest,Lime ,CO2 capture,,51.436859,8.373872,CO2-Abscheidung [Mt/a],0.06995027793222357,0.05440577172506277,0.06528692607007533,0.05440577172506277,0.049742419862914534,0.04663351862148238,0.04663351862148238,5.0
Orientierungsszenario_Strom,DE,process_emissions,Industry,DE232,"Regensburg, Kreisfreie Stadt",Lime ,CO2 capture,,49.029909,12.1388,CO2-Abscheidung [Mt/a],0.07878024476750532,0.0612735237080597,0.07352822844967165,0.0612735237080597,0.056021507390226016,0.05252016317833688,0.05252016317833688,306.0
Orientierungsszenario_Strom,DE,process_emissions,Industry,DEB24,Vulkaneifel,Lime ,CO2 capture,,50.334174,6.766811,CO2-Abscheidung [Mt/a],0.02570391040774836,0.019991930317137613,0.023990316380565136,0.019991930317137613,0.01827833628995439,0.01713594027183224,0.01713594027183224,451.0
Orientierungsszenario_Strom,DE,process_emissions,Industry,DEA42,Gütersloh,Lime ,CO2 capture,,52.040867,8.399409,CO2-Abscheidung [Mt/a],0.004498267130850043,0.003498652212883367,0.00419838265546004,0.003498652212883367,0.003198767737493364,0.002998844753900029,0.002998844753900029,446.0
Orientierungsszenario_Strom,DE,process_emissions,Industry,DEB24,Vulkaneifel,Lime ,CO2 capture,,50.230564,6.682924,CO2-Abscheidung [Mt/a],0.00012965760505601493,0.00010084480393245606,0.00012101376471894728,0.00010084480393245606,9.22009635953884e-05,8.643840337067662e-05,8.643840337067662e-05,451.0
Orientierungsszenario_Strom,DE,process_emissions,Industry,DEA1C,Mettmann,Lime ,CO2 capture,,51.296801,7.014936,CO2-Abscheidung [Mt/a],0.9186960588586842,0.71454137911231,0.857449654934772,0.71454137911231,0.6532949751883977,0.6124640392391228,0.6124640392391228,437.0
Orientierungsszenario_Strom,DE,process_emissions,Industry,DEA57,Hochsauerlandkreis,Lime ,CO2 capture,,51.394949,8.684995,CO2-Abscheidung [Mt/a],0.03276315182915106,0.025482451422673046,0.030578941707207655,0.025482451422673046,0.023298241300729643,0.02184210121943404,0.02184210121943404,497.0
Orientierungsszenario_Strom,DE,process_emissions,Industry,DEA58,Märkischer Kreis,Lime ,CO2 capture,,51.397085,7.840698,CO2-Abscheidung [Mt/a],0.39661314992582347,0.3084768943867516,0.3701722732641019,0.3084768943867516,0.28203601772503,0.26440876661721563,0.26440876661721563,498.0
Orientierungsszenario_Strom,DE,process_emissions,Industry,DE923,Hameln-Pyrmont,Lime ,CO2 capture,,52.059197,9.588666,CO2-Abscheidung [Mt/a],0.004915632122730371,0.0038232694287902887,0.004587923314548346,0.0038232694287902887,0.003495560620608264,0.0032770880818202472,0.0032770880818202472,32.0
Orientierungsszenario_Strom,DE,process_emissions,Industry,DEA37,Steinfurt,Lime ,CO2 capture,,52.264047,7.396877,CO2-Abscheidung [Mt/a],0.011933704899159021,0.009281770477123683,0.01113812457254842,0.009281770477123683,0.008486190150513082,0.007955803266106013,0.007955803266106013,334.0
Orientierungsszenario_Strom,DE,process_emissions,Industry,DE27D,Donau-Ries,Lime ,CO2 capture,,48.775785,10.699442,CO2-Abscheidung [Mt/a],0.079413390302399,0.061765970235199225,0.07411916428223907,0.061765970235199225,0.05647174421503929,0.05294226020159933,0.05294226020159933,374.0
Orientierungsszenario_Strom,DE,process_emissions,Industry,DEA37,Steinfurt,Lime ,CO2 capture,,52.162646,7.968648,CO2-Abscheidung [Mt/a],0.07212085982032505,0.056094002082475045,0.06731280249897005,0.056094002082475045,0.05128594476112004,0.04808057321355004,0.04808057321355004,334.0
Orientierungsszenario_Strom,DE,process_emissions,Industry,DE24B,Kulmbach,Lime ,CO2 capture,,50.027914,11.308923,CO2-Abscheidung [Mt/a],0.0016581030955496795,0.0012896357409830838,0.0015475628891797007,0.0012896357409830838,0.0011790955346131053,0.0011054020636997862,0.0011054020636997862,143.0
Orientierungsszenario_Strom,DE,process_emissions,Industry,DE925,Hildesheim,Lime ,CO2 capture,,52.170477,9.79339,CO2-Abscheidung [Mt/a],0.0634285950385594,0.049333351696657306,0.059200022035988766,0.049333351696657306,0.04510477869408668,0.042285730025706264,0.042285730025706264,28.0
Orientierungsszenario_Strom,DE,process_emissions,Industry,DE91B,Wolfenbüttel,Lime ,CO2 capture,,52.023237,10.545917,CO2-Abscheidung [Mt/a],0.03132792731982775,0.024366165693199365,0.02923939883183924,0.024366165693199365,0.02227763720521085,0.02088528487988517,0.02088528487988517,281.0
Orientierungsszenario_Strom,DE,process_emissions,Industry,DEE07,Börde,Lime ,CO2 capture,,52.07113,11.385048,CO2-Abscheidung [Mt/a],0.05105244540075288,0.03970745753391891,0.04764894904070269,0.03970745753391891,0.036303961173868714,0.03403496360050192,0.03403496360050192,252.0
Orientierungsszenario_Strom,DE,process_emissions,Industry,DE93A,Uelzen,Lime ,CO2 capture,,52.977112,10.558518,CO2-Abscheidung [Mt/a],0.07617904820891792,0.05925037082915839,0.07110044499499008,0.05925037082915839,0.05417176761523053,0.05078603213927862,0.05078603213927862,113.0
Orientierungsszenario_Strom,DE,process_emissions,Industry,DE91A,Peine,Lime ,CO2 capture,,52.233195,10.034605,CO2-Abscheidung [Mt/a],0.02707146689043885,0.021055585359230217,0.02526670243107626,0.021055585359230217,0.019250820899867627,0.0180476445936259,0.0180476445936259,396.0
Orientierungsszenario_Strom,DE,process_emissions,Industry,DE737,Werra-Meißner-Kreis,Lime ,CO2 capture,,51.205803,9.907445,CO2-Abscheidung [Mt/a],0.02362039786671141,0.018371420562997762,0.022045704675597317,0.018371420562997762,0.01679672737188367,0.01574693191114094,0.01574693191114094,29.0
Orientierungsszenario_Strom,DE,process_emissions,Industry,DE145,Alb-Donau-Kreis,Lime ,CO2 capture,,48.423419,9.904178,CO2-Abscheidung [Mt/a],0.07040029393600834,0.05475578417245093,0.06570694100694112,0.05475578417245093,0.050062431243383713,0.046933529290672224,0.046933529290672224,388.0
Orientierungsszenario_Strom,DE,process_emissions,Industry,DE236,Neumarkt i. d. OPf.,Lime ,CO2 capture,,49.364916,11.604835,CO2-Abscheidung [Mt/a],0.024093127596425425,0.018739099241664222,0.022486919089997066,0.018739099241664222,0.01713289073523586,0.016062085064283617,0.016062085064283617,90.0
Orientierungsszenario_Strom,DE,process_emissions,Industry,DEA26,Düren,Lime ,CO2 capture,,50.915255,6.371579,CO2-Abscheidung [Mt/a],0.08549972648647484,0.0664997872672582,0.07979974472070986,0.0664997872672582,0.06079980550149322,0.056999817657649894,0.056999817657649894,433.0
Orientierungsszenario_Strom,DE,process_emissions,Industry,DEA28,Euskirchen,Lime ,CO2 capture,,50.657406,6.810538,CO2-Abscheidung [Mt/a],0.041957484929023646,0.03263359938924062,0.03916031926708874,0.03263359938924062,0.029836433727305708,0.027971656619349097,0.027971656619349097,406.0
Orientierungsszenario_Strom,DE,process_emissions,Industry,DEA45,Lippe,Lime ,CO2 capture,,51.985916,8.807548,CO2-Abscheidung [Mt/a],0.02162537428060956,0.01681973555158521,0.020183682661902253,0.01681973555158521,0.015378043932877908,0.01441691618707304,0.01441691618707304,489.0
Orientierungsszenario_Strom,DE,process_emissions,Industry,DEA1B,Kleve,Lime ,CO2 capture,,51.729121,6.359061,CO2-Abscheidung [Mt/a],0.021348077350216096,0.016604060161279185,0.019924872193535025,0.016604060161279185,0.015180855004598114,0.01423205156681073,0.01423205156681073,436.0
Orientierungsszenario_Strom,DE,process_emissions,Industry,DEE0C,Salzlandkreis,Lime ,CO2 capture,,51.698058,11.757585,CO2-Abscheidung [Mt/a],0.05205184999786434,0.04048477222056115,0.048581726664673384,0.04048477222056115,0.037014648887370195,0.03470123333190955,0.03470123333190955,608.0
Orientierungsszenario_Strom,DE,process_emissions,Industry,DEA5B,Soest,Lime ,CO2 capture,,51.597331,8.341176,CO2-Abscheidung [Mt/a],0.05763706428194745,0.04482882777484802,0.053794593329817626,0.04482882777484802,0.040986356822718194,0.038424709521298304,0.038424709521298304,5.0
Orientierungsszenario_Strom,DE,process_emissions,Industry,DE40C,Oder-Spree,Lime ,CO2 capture,,52.16949,14.626637,CO2-Abscheidung [Mt/a],0.07241708485565954,0.05632439933217964,0.06758927919861557,0.05632439933217964,0.05149659367513568,0.048278056570439695,0.048278056570439695,335.0
Orientierungsszenario_Strom,DE,process_emissions,Industry,DEG0L,Greiz,Lime ,CO2 capture,,50.944514,11.988065,CO2-Abscheidung [Mt/a],0.0329363441051659,0.025617156526240147,0.03074058783148818,0.025617156526240147,0.023421400252562424,0.02195756273677727,0.02195756273677727,537.0
Orientierungsszenario_Strom,DE,process_emissions,Industry,DE80N,Vorpommern-Greifswald,Lime ,CO2 capture,,53.853903,13.708684,CO2-Abscheidung [Mt/a],0.039175998055068516,0.030470220709497738,0.036564264851397285,0.030470220709497738,0.027858487505826503,0.026117332036712345,0.026117332036712345,485.0
Orientierungsszenario_Strom,DE,process_emissions,Industry,DEA44,Höxter,Lime ,CO2 capture,,51.491359,9.165684,CO2-Abscheidung [Mt/a],0.01613432738294385,0.012548921297845217,0.01505870555741426,0.012548921297845217,0.011473299472315627,0.0107562182552959,0.0107562182552959,448.0
Orientierungsszenario_Strom,DE,process_emissions,Industry,DE735,Schwalm-Eder-Kreis,Lime ,CO2 capture,,51.10218,9.360121,CO2-Abscheidung [Mt/a],0.019918058069751582,0.015491822943140119,0.01859018753176814,0.015491822943140119,0.01416395240515668,0.013278705379834388,0.013278705379834388,573.0
Orientierungsszenario_Strom,DE,process_emissions,Industry,DE118,"Heilbronn, Landkreis",Lime ,CO2 capture,,49.243552,9.180513,CO2-Abscheidung [Mt/a],0.03635949416123817,0.02827960656985191,0.03393552788382229,0.02827960656985191,0.025855640292436033,0.02423966277415878,0.02423966277415878,570.0
Orientierungsszenario_Strom,DE,process_emissions,Industry,DE26C,"Würzburg, Landkreis",Lime ,CO2 capture,,49.665721,10.080457,CO2-Abscheidung [Mt/a],0.06861111361981177,0.053364199482075825,0.06403703937849099,0.053364199482075825,0.048790125240755045,0.04574074241320785,0.04574074241320785,592.0
Orientierungsszenario_Strom,DE,process_emissions,Industry,DEE08,Burgenlandkreis,Lime ,CO2 capture,,51.053932,12.110927,CO2-Abscheidung [Mt/a],0.1339244759173871,0.10416348126907884,0.12499617752289463,0.10416348126907884,0.09523518287458638,0.08928298394492473,0.08928298394492473,253.0
Orientierungsszenario_Strom,DE,process_emissions,Industry,DE407,Elbe-Elster,Lime ,CO2 capture,,51.459829,13.223213,CO2-Abscheidung [Mt/a],0.034265571162483646,0.026650999793042838,0.03198119975165141,0.026650999793042838,0.024366628382210598,0.022843714108322432,0.022843714108322432,73.0
Orientierungsszenario_Strom,DE,process_emissions,Industry,DE27D,Donau-Ries,Lime ,CO2 capture,,48.69791,10.909583,CO2-Abscheidung [Mt/a],0.03769108723167354,0.029315290069079417,0.03517834808289531,0.029315290069079417,0.026802550920301184,0.02512739148778236,0.02512739148778236,374.0
Orientierungsszenario_Strom,DE,process_emissions,Industry,DEB3C,Bad Dürkheim,Lime ,CO2 capture,,49.599577,8.219661,CO2-Abscheidung [Mt/a],0.06755634427714635,0.05254382332666938,0.06305258799200326,0.05254382332666938,0.048040067041526295,0.0450375628514309,0.0450375628514309,246.0
Orientierungsszenario_Strom,DE,process_emissions,Industry,DE224,Deggendorf,Lime ,CO2 capture,,48.78676,12.882771,CO2-Abscheidung [Mt/a],0.059421039356418084,0.046216363943880734,0.05545963673265688,0.046216363943880734,0.04225496132011953,0.03961402623761206,0.03961402623761206,107.0
Orientierungsszenario_Strom,DE,process_emissions,Industry,DE40B,Oberspreewald-Lausitz,municipal waste incinerator.,CO2 capture,,51.58196317,13.97744648,CO2-Abscheidung [Mt/a],0.0,0.008747614908034405,0.050956849270515824,0.12484944419647698,0.18494768013298163,0.2569461745333663,0.2569461745333663,359.0
Orientierungsszenario_Strom,DE,process_emissions,Industry,DEE0B,Saalekreis,municipal waste incinerator.,CO2 capture,,51.32993899,11.9958015,CO2-Abscheidung [Mt/a],0.0,0.013982408078504822,0.08145071180954765,0.19956249737586076,0.2956250319635077,0.4107092395249871,0.4107092395249871,321.0
Orientierungsszenario_Strom,DE,process_emissions,Industry,DEE08,Burgenlandkreis,municipal waste incinerator.,CO2 capture,,51.18155547,12.01945292,CO2-Abscheidung [Mt/a],0.0,0.010917298920509676,0.0635957528288794,0.15581603862105795,0.23082052992662758,0.3206769186062091,0.3206769186062091,253.0
Orientierungsszenario_Strom,DE,process_emissions,Industry,DE300,Berlin,municipal waste incinerator.,CO2 capture,,52.52903825,13.23791549,CO2-Abscheidung [Mt/a],0.0,0.015428864085686849,0.08987664750851278,0.22020689364271814,0.32620693180194527,0.4531964022068823,0.4531964022068823,398.0
Orientierungsszenario_Strom,DE,process_emissions,Industry,DE408,Havelland,municipal waste incinerator.,CO2 capture,,52.52769132,12.35903072,CO2-Abscheidung [Mt/a],0.0,0.005131474884972654,0.029892009993355388,0.0732384534564489,0.10849293042891894,0.15072826767862826,0.15072826767862826,604.0
Orientierungsszenario_Strom,DE,process_emissions,Industry,DE409,Märkisch-Oderland,municipal waste incinerator.,CO2 capture,,52.49065405,13.8307896,CO2-Abscheidung [Mt/a],0.0,0.009780797769820935,0.05697537476694355,0.13959544152300518,0.20679189429301148,0.2872941478632915,0.2872941478632915,605.0
Orientierungsszenario_Strom,DE,process_emissions,Industry,DE40C,Oder-Spree,municipal waste incinerator.,CO2 capture,,52.17257779,14.64052652,CO2-Abscheidung [Mt/a],0.0,0.011847163496798442,0.0690124257796307,0.16908743622465128,0.25048032268505027,0.3479900946231418,0.3479900946231418,335.0
Orientierungsszenario_Strom,,process_emissions,Industry,DE600,Hamburg,municipal waste incinerator.,CO2 capture,,53.53450441,9.942925565,CO2-Abscheidung [Mt/a],0.0,0.005923581748399221,0.03450621288981535,0.08454371811232564,0.12524016134252514,0.1739950473115709,0.1739950473115709,
Orientierungsszenario_Strom,DE,process_emissions,Industry,DE600,Hamburg,municipal waste incinerator.,CO2 capture,,53.52116623,9.934725497,CO2-Abscheidung [Mt/a],0.0,0.011055056633371873,0.06439822288317072,0.15778217156877453,0.23373309177144405,0.32472331499019913,0.32472331499019913,6.0
Orientierungsszenario_Strom,DE,process_emissions,Industry,DE600,Hamburg,municipal waste incinerator.,CO2 capture,,53.53143037,10.07399703,CO2-Abscheidung [Mt/a],0.0,0.016806441238140006,0.09790134819024812,0.23986822346001213,0.35533255075396425,0.49366036674678254,0.49366036674678254,6.0
Orientierungsszenario_Strom,DE,process_emissions,Industry,DEF0F,Stormarn,municipal waste incinerator.,CO2 capture,,53.61928167,10.22454263,CO2-Abscheidung [Mt/a],0.0,0.010882859489740786,0.06339513530043278,0.1553245053476865,0.23009238941143909,0.31966531943521165,0.31966531943521165,455.0
Orientierungsszenario_Strom,DE,process_emissions,Industry,DEF02,"Kiel, Kreisfreie Stadt",municipal waste incinerator.,CO2 capture,,54.30732536,10.11106695,CO2-Abscheidung [Mt/a],0.0,0.004408246883083867,0.02567904215378868,0.06291625534731508,0.09320198054568973,0.12948468638768068,0.12948468638768068,350.0
Orientierungsszenario_Strom,DE,process_emissions,Industry,DEF04,"Neumünster, Kreisfreie Stadt",municipal waste incinerator.,CO2 capture,,54.08296008,9.991024976,CO2-Abscheidung [Mt/a],0.0,0.014636757225664739,0.08526244463188455,0.2089016290354312,0.3094597009603183,0.4299296226739397,0.4299296226739397,481.0
Orientierungsszenario_Strom,DE,process_emissions,Industry,DE502,"Bremerhaven, Kreisfreie Stadt",municipal waste incinerator.,CO2 capture,,53.54791285,8.618005844,CO2-Abscheidung [Mt/a],0.0,0.00981523719718537,0.057175992275558446,0.1400869747477869,0.2075200347362208,0.288305746934289,0.288305746934289,560.0
Orientierungsszenario_Strom,DE,process_emissions,Industry,DE929,Region Hannover,municipal waste incinerator.,CO2 capture,,52.41181994,9.853183896,CO2-Abscheidung [Mt/a],0.0,0.009505282340692084,0.05537043463852916,0.13566317557898228,0.20096677053139933,0.2792013549953114,0.2792013549953114,18.0
Orientierungsszenario_Strom,DE,process_emissions,Industry,DE923,Hameln-Pyrmont,municipal waste incinerator.,CO2 capture,,52.09886943,9.388399411,CO2-Abscheidung [Mt/a],0.0,0.014946712085562478,0.08706800228874556,0.21332542825282552,0.3160129652371189,0.43903401471291725,0.43903401471291725,32.0
Orientierungsszenario_Strom,DE,process_emissions,Industry,DEA41,"Bielefeld, Kreisfreie Stadt",municipal waste incinerator.,CO2 capture,,52.04256866,8.606256608,CO2-Abscheidung [Mt/a],0.0,0.013500256074975995,0.0786420665699487,0.1926810319373784,0.28543106532670215,0.396546851931022,0.396546851931022,424.0
Orientierungsszenario_Strom,DE,process_emissions,Industry,DE733,Hersfeld-Rotenburg,municipal waste incinerator.,CO2 capture,,50.89329975,9.998113272,CO2-Abscheidung [Mt/a],0.0,0.009987434340816457,0.058179079858296394,0.14254464096887492,0.21116073709622576,0.2933637424892765,0.2933637424892765,280.0
Orientierungsszenario_Strom,DE,process_emissions,Industry,DE737,Werra-Meißner-Kreis,municipal waste incinerator.,CO2 capture,,51.31809877,9.849197432,CO2-Abscheidung [Mt/a],0.0,0.011606087495034029,0.0676081031598312,0.16564670350541005,0.24538333936664747,0.34090890082615927,0.34090890082615927,29.0
Orientierungsszenario_Strom,DE,process_emissions,Industry,DE917,Helmstedt,municipal waste incinerator.,CO2 capture,,52.17005009,10.97775118,CO2-Abscheidung [Mt/a],0.0,0.016737562380006683,0.0975001131531866,0.238885156961859,0.3538762697955664,0.49163716850478756,0.49163716850478756,385.0
Orientierungsszenario_Strom,DE,process_emissions,Industry,DEA11,"Düsseldorf, Kreisfreie Stadt",municipal waste incinerator.,CO2 capture,,51.22567324,6.823001879,CO2-Abscheidung [Mt/a],0.0,0.01601433437471344,0.09328714529378818,0.22856295880413544,0.33858531984035806,0.47039358711383994,0.47039358711383994,262.0
Orientierungsszenario_Strom,DE,process_emissions,Industry,DEA1A,"Wuppertal, Kreisfreie Stadt",municipal waste incinerator.,CO2 capture,,51.22530548,7.142813468,CO2-Abscheidung [Mt/a],0.0,0.014016847509273712,0.08165132933799427,0.20005403064923222,0.2963531724786962,0.4117208386959846,0.4117208386959846,422.0
Orientierungsszenario_Strom,DE,process_emissions,Industry,DEA13,"Essen, Kreisfreie Stadt",municipal waste incinerator.,CO2 capture,,51.51543051,7.000263248,CO2-Abscheidung [Mt/a],0.0,0.023349932702930256,0.13601867637395376,0.33325953995853674,0.49367924057811147,0.6858641980363085,0.6858641980363085,278.0
Orientierungsszenario_Strom,DE,process_emissions,Industry,DEA36,Recklinghausen,municipal waste incinerator.,CO2 capture,,51.55651615,7.163425563,CO2-Abscheidung [Mt/a],0.0,0.02324661441743249,0.13541682382827733,0.33178494023560184,0.4914948191765042,0.682829400723316,0.682829400723316,333.0
Orientierungsszenario_Strom,DE,process_emissions,Industry,DEA17,"Oberhausen, Kreisfreie Stadt",municipal waste incinerator.,CO2 capture,,51.48445156,6.833353809,CO2-Abscheidung [Mt/a],0.0,0.024451994422850107,0.142438436907443,0.34898860378321805,0.5169797356965391,0.7182353696082288,0.7182353696082288,293.0
Orientierungsszenario_Strom,DE,process_emissions,Industry,DEA1F,Wesel,municipal waste incinerator.,CO2 capture,,51.51888436,6.576413074,CO2-Abscheidung [Mt/a],0.0,0.007438916613714576,0.04333338362584202,0.1061711808773362,0.15727834213936054,0.21850540823546113,0.21850540823546113,467.0
Orientierungsszenario_Strom,DE,process_emissions,Industry,DE94B,Grafschaft Bentheim,municipal waste incinerator.,CO2 capture,,52.64359116,6.743193082,CO2-Abscheidung [Mt/a],0.0,0.01319030121848271,0.07683650893291942,0.1882572327685738,0.2788778011218807,0.3874424599920445,0.3874424599920445,78.0
Orientierungsszenario_Strom,DE,process_emissions,Industry,DEA27,Rhein-Erft-Kreis,municipal waste incinerator.,CO2 capture,,50.85657379,6.843649809,CO2-Abscheidung [Mt/a],0.0,0.011158374918869637,0.06500007542884717,0.15925677129170943,0.23591751317305126,0.32775811230319174,0.32775811230319174,434.0
Orientierungsszenario_Strom,DE,process_emissions,Industry,DEA23,"Köln, Kreisfreie Stadt",municipal waste incinerator.,CO2 capture,,51.00697387,6.95076623,CO2-Abscheidung [Mt/a],0.0,0.009092009195296583,0.05296302443599173,0.12976477663865305,0.1922290848529916,0.2670621656433414,0.2670621656433414,425.0
Orientierungsszenario_Strom,DE,process_emissions,Industry,DEA24,"Leverkusen, Kreisfreie Stadt",municipal waste incinerator.,CO2 capture,,51.04231769,7.004202226,CO2-Abscheidung [Mt/a],0.0,0.0053036720286037415,0.030895097576093343,0.07569611967753695,0.11213363278892392,0.1557862632336158,0.1557862632336158,426.0
Orientierungsszenario_Strom,DE,process_emissions,Industry,DEA2D,Städteregion Aachen,municipal waste incinerator.,CO2 capture,,50.83799406,6.309584565,CO2-Abscheidung [Mt/a],0.0,0.012949225216718296,0.07543218631311993,0.18481650004933262,0.2737808178034779,0.380361266195062,0.380361266195062,311.0
Orientierungsszenario_Strom,DE,process_emissions,Industry,DEB35,"Mainz, Kreisfreie Stadt",municipal waste incinerator.,CO2 capture,,50.02531317,8.238395845,CO2-Abscheidung [Mt/a],0.0,0.011158374918869637,0.06500007542884717,0.15925677129170943,0.23591751317305126,0.32775811230319174,0.32775811230319174,324.0
Orientierungsszenario_Strom,DE,process_emissions,Industry,DEA53,"Hagen, Kreisfreie Stadt",municipal waste incinerator.,CO2 capture,,51.37760265,7.470674478,CO2-Abscheidung [Mt/a],0.0,0.0035128217341595367,0.02046298671165229,0.05013639096850348,0.07427032823047638,0.10318310944174552,0.10318310944174552,513.0
Orientierungsszenario_Strom,DE,process_emissions,Industry,DEA58,Märkischer Kreis,municipal waste incinerator.,CO2 capture,,51.39629471,7.694113505,CO2-Abscheidung [Mt/a],0.0,0.003581700592292863,0.020864221748713815,0.05111945746665664,0.07572660918887421,0.10520630768374054,0.10520630768374054,498.0
Orientierungsszenario_Strom,DE,process_emissions,Industry,DEA54,"Hamm, Kreisfreie Stadt",municipal waste incinerator.,CO2 capture,,51.68005645,7.744793049,CO2-Abscheidung [Mt/a],0.0,0.008609857191767753,0.050154379196392776,0.12288331120017067,0.18203511821618598,0.25289977804937624,0.25289977804937624,254.0
Orientierungsszenario_Strom,DE,process_emissions,Industry,DE712,"Frankfurt am Main, Kreisfreie Stadt",municipal waste incinerator.,CO2 capture,,50.16154591,8.635373723,CO2-Abscheidung [Mt/a],0.0,0.014636757225664739,0.08526244463188455,0.2089016290354312,0.3094597009603183,0.4299296226739397,0.4299296226739397,8.0
Orientierungsszenario_Strom,DE,process_emissions,Industry,DE711,"Darmstadt, Kreisfreie Stadt",municipal waste incinerator.,CO2 capture,,49.88413133,8.646306785,CO2-Abscheidung [Mt/a],0.0,0.00650905203742581,0.037916710675090726,0.09289978327374288,0.13761854938093787,0.1911922322185285,0.1911922322185285,7.0
Orientierungsszenario_Strom,DE,process_emissions,Industry,DE712,"Frankfurt am Main, Kreisfreie Stadt",municipal waste incinerator.,CO2 capture,,50.08841603,8.536830837,CO2-Abscheidung [Mt/a],0.0,0.020422581257797306,0.11896618744757684,0.29147921415145045,0.43178730038604773,0.5998782735015206,0.5998782735015206,8.0
Orientierungsszenario_Strom,DE,process_emissions,Industry,DEC01,Regionalverband Saarbrücken,municipal waste incinerator.,CO2 capture,,49.21427798,6.834734802,CO2-Abscheidung [Mt/a],0.0,0.008609857191767753,0.050154379196392776,0.12288331120017067,0.18203511821618598,0.25289977804937624,0.25289977804937624,286.0
Orientierungsszenario_Strom,DE,process_emissions,Industry,DEC03,Neunkirchen,municipal waste incinerator.,CO2 capture,,49.33814164,7.168402938,CO2-Abscheidung [Mt/a],0.0,0.0047870805977104774,0.027885834827879482,0.06832312101427285,0.101211525708909,0.14061227656865322,0.14061227656865322,288.0
Orientierungsszenario_Strom,DE,process_emissions,Industry,DEB34,"Ludwigshafen am Rhein, Kreisfreie Stadt",municipal waste incinerator.,CO2 capture,,49.4846822,8.426356422,CO2-Abscheidung [Mt/a],0.0,0.006026900033896982,0.03510806543549177,0.0860183178352605,0.12742458274413226,0.1770298446245634,0.1770298446245634,323.0
Orientierungsszenario_Strom,DE,process_emissions,Industry,DE126,"Mannheim, Stadtkreis",municipal waste incinerator.,CO2 capture,,49.52138192,8.452455526,CO2-Abscheidung [Mt/a],0.0,0.021800158410250462,0.1269908881293122,0.31114054396874447,0.46091291933806666,0.6403422380414208,0.6403422380414208,392.0
Orientierungsszenario_Strom,DE,process_emissions,Industry,DE111,"Stuttgart, Stadtkreis",municipal waste incinerator.,CO2 capture,,48.81536144,9.21974465,CO2-Abscheidung [Mt/a],0.0,0.01656536523637559,0.09649702557044865,0.23642749074077093,0.35023556743556145,0.48657917294979997,0.48657917294979997,120.0
Orientierungsszenario_Strom,DE,process_emissions,Industry,DE114,Göppingen,municipal waste incinerator.,CO2 capture,,48.68215533,9.67147521,CO2-Abscheidung [Mt/a],0.0,0.0053036720286037415,0.030895097576093343,0.07569611967753695,0.11213363278892392,0.1557862632336158,0.1557862632336158,409.0
Orientierungsszenario_Strom,DE,process_emissions,Industry,DE132,Breisgau-Hochschwarzwald,municipal waste incinerator.,CO2 capture,,47.89019999,7.616442196,CO2-Abscheidung [Mt/a],0.0,0.005854702890265895,0.03410497785275382,0.08356065161417248,0.12378388038412731,0.17197184906957588,0.17197184906957588,185.0
Orientierungsszenario_Strom,DE,process_emissions,Industry,DE214,Altötting,municipal waste incinerator.,CO2 capture,,48.1851535,12.73465747,CO2-Abscheidung [Mt/a],0.0,0.007817750328341188,0.045540176299932816,0.11157804654429396,0.1652878873025798,0.22963299841643367,0.22963299841643367,88.0
Orientierungsszenario_Strom,DE,process_emissions,Industry,DE211,"Ingolstadt, Kreisfreie Stadt",municipal waste incinerator.,CO2 capture,,48.76434856,11.4929663,CO2-Abscheidung [Mt/a],0.0,0.007817750328341188,0.045540176299932816,0.11157804654429396,0.1652878873025798,0.22963299841643367,0.22963299841643367,214.0
Orientierungsszenario_Strom,DE,process_emissions,Industry,DE271,"Augsburg, Kreisfreie Stadt",municipal waste incinerator.,CO2 capture,,48.4021359,10.93321948,CO2-Abscheidung [Mt/a],0.0,0.00798994747537673,0.0465432639025025,0.11403571281397172,0.16892858973456393,0.23469099407142122,0.23469099407142122,593.0
Orientierungsszenario_Strom,DE,process_emissions,Industry,DE21N,Weilheim-Schongau,municipal waste incinerator.,CO2 capture,,47.79751704,10.85914082,CO2-Abscheidung [Mt/a],0.0,0.003788337163288387,0.02206792684006667,0.05406865691252639,0.0800954519920885,0.11127590230972557,0.11127590230972557,103.0
Orientierungsszenario_Strom,DE,process_emissions,Industry,DE273,"Kempten (Allgäu), Kreisfreie Stadt",municipal waste incinerator.,CO2 capture,,47.75886348,10.31910309,CO2-Abscheidung [Mt/a],0.0,0.004821520028479368,0.02808645235632611,0.06881465428764429,0.10193966622409749,0.14162387573965074,0.14162387573965074,595.0
Orientierungsszenario_Strom,DE,process_emissions,Industry,DE254,"Nürnberg, Kreisfreie Stadt",municipal waste incinerator.,CO2 capture,,49.4355257,11.05546787,CO2-Abscheidung [Mt/a],0.0,0.0080588263301056,0.04694449891973229,0.11501877926353514,0.1703848706209826,0.2367141922134162,0.2367141922134162,177.0
Orientierungsszenario_Strom,DE,process_emissions,Industry,DE239,Schwandorf,municipal waste incinerator.,CO2 capture,,49.31003496,12.0878943,CO2-Abscheidung [Mt/a],0.0,0.01949271668150854,0.11354951449682556,0.2782078165478572,0.41212750762762507,0.572565097484588,0.572565097484588,152.0
Orientierungsszenario_Strom,DE,process_emissions,Industry,DE243,"Coburg, Kreisfreie Stadt",municipal waste incinerator.,CO2 capture,,50.28528837,10.95486873,CO2-Abscheidung [Mt/a],0.0,0.00406385259582169,0.023672866988312773,0.058000922905139016,0.08592057582567979,0.1193686952777056,0.1193686952777056,283.0
Orientierungsszenario_Strom,DE,process_emissions,Industry,DE263,"Würzburg, Kreisfreie Stadt",municipal waste incinerator.,CO2 capture,,49.79269022,9.994592822,CO2-Abscheidung [Mt/a],0.0,0.006405733751928049,0.0373148581294143,0.091425183550808,0.13543412797933072,0.18815743490553596,0.18815743490553596,148.0
